ds,Open, High, Low, Close, Open, ETH, USDT
2021-09-01 00:00:00,2742.417472940493,2836.293405682308,2659.5224374152917,2764.9517581977148,3429.2,0,1000
